{"cameraMode":{"drawMode":0,"name":"Shaded","section":"Shading Mode"},"sceneLighting":true,"audioPlay":false,"sceneViewState":{"m_AlwaysRefresh":false,"showFog":true,"showSkybox":true,"showFlares":true,"showImageEffects":true,"showParticleSystems":true,"showVisualEffectGraphs":true,"m_FxEnabled":true},"in2DMode":false,"pivot":{"x":6.123808860778809,"y":-676.6998291015625,"z":17.837759017944337},"rotation":{"x":-0.0054502240382134918,"y":0.28720447421073916,"z":0.001636437838897109,"w":0.9578569531440735},"size":12.12435531616211,"orthographic":false}